"siteid","longitude","latitude"
"010030010",-87.8814123234448,30.4980010455544
"010331002",-87.650556,34.760556
"010510001",-86.136587065315,32.4985666694789
"010550011",-86.0538672222409,33.904038980451
"010690004",-85.423116999963,31.1906565110941
"010730023",-86.815,33.5530560008695
"010731003",-86.915,33.4855560008686
"010731005",-87.003611,33.3311110008666
"010731009",-87.305556,33.4597220008683
"010731010",-86.549167,33.5452780008694
"010732006",-86.816667,33.3863890008674
"010735002",-86.669167,33.7047220008714
"010735003",-86.9425,33.8016670008726
"010736002",-86.773889,33.5783330008698
"010890014",-86.58637,34.68767
"010970003",-88.0875263893214,30.7699408526854
"010972005",-88.141140103656,30.4746735857169
"011011002",-86.2563669567081,32.4071199485245
"011030011",-86.9769391461817,34.5187352636935
"011130002",-85.0838408289013,32.4679713124359
"011170004",-86.825,33.316944
"011190002",-88.2018646516965,32.3640099414049
"011250010",-87.4597309935713,33.0895995664667
"040038001",-109.466944,32.116944
"040051008",-111.652777,35.206111
"040058001",-112.153056,36.071667
"040070010",-111.109,33.635
"040128000",-113.58,34.2319
"040130019",-112.14257,33.4838500008686
"040131004",-112.06626,33.5603300008696
"040131010",-111.73331,33.4522300008682
"040132001",-112.19153,33.5693600008697
"040132005",-111.85272,33.7123100008715
"040133002",-112.04601,33.4579300008683
"040133003",-111.91721,33.4796800008686
"040134003",-112.07533,33.4031600008676
"040134004",-111.88431,33.2989800008662
"040134005",-111.93473,33.4124000008677
"040134008",-112.01739,33.8216900008729
"040134010",-112.34184,33.6371300008706
"040134011",-112.6207,33.3700500008671
"040135100",-111.676928,33.6292460008705
"040137003",-112.15732,33.289364
"040137020",-111.855653788741,33.4882417812975
"040137021",-111.754616,33.507916
"040137022",-111.80505,33.474533
"040137024",-111.8378,33.50805
"040139508",-111.7987,33.9828000008749
"040139702",-111.60925,33.5454900008694
"040139704",-111.72529,33.6110300008702
"040139706",-111.67183,33.7188100008716
"040139997",-112.095809,33.503731
"040170119",-109.891944,34.8225
"040190002",-110.974681,32.2220580008516
"040190021",-110.737116,32.1745630008509
"040191011",-110.878667,32.2044107008513
"040191018",-111.06352,32.4252610008544
"040191020",-110.774357,32.0476700008491
"040191028",-110.9823,32.29515
"040191030",-110.99644,31.87952
"040191032",-110.980112,32.1729890008509
"040191034",-111.12716,32.38082
"040213001",-111.5436,33.4214
"040213003",-111.76225,32.9543610008617
"040213007",-111.308056,32.5083060008556
"040213009",-111.561111,33.2191110008652
"040213010",-112.046917,33.0589720008631
"040217001",-111.740108295858,33.0799290681442
"040218001",-111.285594,33.293465
"040258033",-112.4761,34.5467000008817
"040270006",-114.4758605,32.677855
"040278011",-114.61444,32.690278
"050350005",-90.1931407655994,35.1972876317392
"051010002",-93.208259502105,35.8327262904149
"051130003",-94.143316,34.454406
"051190007",-92.2812958643647,34.7561888042723
"051191002",-92.2605813844258,34.8357211208321
"051191008",-92.328697163421,34.6813433627688
"051430005",-94.1168273808054,36.1797000452413
"060010006",-122.120278,37.707778
"060010007",-121.7842,37.6875
"060010009",-122.16994,37.7430600009135
"060011001",-121.9619,37.5358
"060012001",-122.030556,37.654444
"060012004",-122.3013,37.8778
"060050002",-120.7625,38.34
"060070002",-121.842222,39.7575
"060070007",-121.617778,39.714167
"060090001",-120.680556,38.201944
"060111002",-122.016667,39.203056
"060130002",-122.0262,37.936
"060131002",-121.641389,38.010556
"060131004",-122.35667,37.96028
"060133001",-121.902222,38.029167
"060170010",-120.818056,38.727222
"060170012",-120.0325,38.811667
"060170013",-119.99528,38.91028
"060170020",-121,38.890556
"060190007",-119.741389,36.705556
"060190008",-119.772222,36.781389
"060190242",-119.874444,36.841389
"060194001",-119.503611,36.5975
"060195001",-119.716389,36.819167
"060210003",-122.190833,39.533889
"060231004",-124.1775,40.7769440009332
"060250005",-115.483333,32.676111
"060250006",-115.389722,32.677778
"060250007",-115.53829,32.97835
"060251003",-115.561667,32.791667
"060254003",-115.6225,33.0325
"060254004",-115.544444,33.213611
"060270101",-116.847778,36.508611
"060290007",-118.851111,35.346111
"060290008",-119.403889,35.054444
"060290010",-119.014722,35.385556
"060290011",-118.146389,35.050556
"060290014",-119.040278,35.356111
"060290232",-119.015833,35.438889
"060295001",-118.784444,35.208333
"060296001",-119.271667,35.503611
"060310500",-119.765251,36.233318
"060333001",-122.922222,39.031389
"060370002",-117.92391,34.1365
"060370016",-117.85036,34.14435
"060370113",-118.45636,34.05111
"060371002",-118.31712,34.17605
"060371103",-118.22688,34.06659
"060371201",-118.53276,34.19925
"060371301",-118.21071,33.92899
"060371602",-118.06995,34.0119400008752
"060371701",-117.7514,34.06703
"060372005",-118.1272,34.1326
"060374002",-118.18921,33.82376
"060375005",-118.43043,33.9508
"060376012",-118.5284,34.38344
"060379033",-118.130556,34.671389
"060390004",-120.01,36.866667
"060410001",-122.518611,37.9725
"060430003",-119.703889,37.713333
"060430006",-119.843611,37.55
"060431002",-119.5917,37.7481000009136
"060431004",-119.5917,37.7478000009136
"060431005",-119.571554,37.7307170009134
"060450008",-123.199722,39.15
"060450009",-123.349167,39.403056
"060470003",-120.433611,37.281667
"060530002",-121.730556,36.495833
"060530008",-121.126371,36.2092860008996
"060531003",-121.636167,36.69683
"060550003",-122.294722,38.310833
"060570005",-121.055556,39.234444
"060570007",-120.844444,39.316667
"060571001",-120.170278,39.338611
"060590007",-117.93845,33.83062
"060591003",-117.92568,33.67464
"060592022",-117.67593,33.63003
"060595001",-117.95264,33.92513
"060610002",-121.103889,38.937778
"060610004",-120.952778,39.100278
"060610006",-121.265278,38.745833
"060650008",-115.8206,33.7411
"060650012",-116.85841,33.92086
"060651004",-115.4108,33.9397000008744
"060651016",-116.83,33.945
"060651999",-116.153383,33.56125
"060652002",-116.21537,33.70853
"060655001",-116.54101,33.85275
"060656001",-117.22764,33.78942
"060658001",-117.41601,33.99958
"060659001",-117.33098,33.67649
"060659003",-114.600583,33.612127
"060670002",-121.38,38.712778
"060670006",-121.366944,38.614167
"060670010",-121.491944,38.558333
"060670011",-121.422222,38.301944
"060670012",-121.162778,38.683889
"060670013",-121.513333,38.636944
"060670014",-121.506767,38.6507830009205
"060675003",-121.21,38.494444
"060690002",-121.361111,36.844167
"060690003",-121.155556,36.485278
"060710001",-117.023611,34.895
"060710005",-117.27235,34.2431
"060710012",-117.563056,34.426111
"060710306",-117.330556,34.51
"060711001",-115.7767,35.101900000888
"060711004",-117.62914,34.10374
"060711234",-117.396111,35.763889
"060712002",-117.49201,34.10002
"060714001",-117.284722,34.418056
"060714003",-117.14731,34.05977
"060719002",-116.390556,34.071389
"060719004",-117.27411,34.10688
"060730001",-117.059075,32.631231
"060730003",-116.942092,32.791194
"060730006",-117.128722,32.836461
"060731001",-117.264064,32.952089
"060731002",-117.075325,33.127711
"060731006",-116.768325,32.842297
"060731008",-117.396158,33.217025
"060731010",-117.149653,32.701492
"060731201",-117.090229999878,33.3625928342781
"060732007",-116.937772,32.552164
"060750005",-122.3991,37.766
"060771002",-121.2675,37.950833
"060773005",-121.44056,37.6825
"060790005",-120.69,35.631667
"060792006",-120.668889,35.256606
"060793001",-120.842856,35.3656840008909
"060794002",-120.500928,35.0315310008872
"060798001",-120.668056,35.491389
"060798005",-120.23,35.644167
"060798006",-120.254228,35.600625
"060811001",-122.2034,37.4829
"060830008",-120.02551,34.4624500008807
"060830011",-119.69028,34.427776
"060831008",-120.436667,34.949167
"060831013",-120.427778,34.725556
"060831014",-119.79146,34.5416600008816
"060831018",-120.1965,34.5274400008814
"060831021",-119.4575,34.402778
"060831025",-120.04692,34.489740000881
"060832004",-120.4575,34.6378200008827
"060832011",-119.8284,34.4455100008805
"060833001",-120.0747,34.6083900008824
"060834003",-120.630278,34.596111
"060850002",-121.574444,37
"060850005",-121.895,37.3485
"060851001",-121.978611,37.226944
"060852006",-121.599167,37.079444
"060852007",-122.051389,37.35527
"060870003",-122.193333,37.011944
"060870004",-121.795833,36.933333
"060870006",-122.0125,37.052222
"060870007",-121.9883,36.984
"060890004",-122.379167,40.549722
"060890007",-122.297778,40.453056
"060893003",-121.5725,40.536944
"060932001",-122.634444,41.728333
"060950004",-122.2382,38.1027
"060950005",-122.07583,38.22694
"060950006",-122.150733,38.065567
"060953003",-121.950003,38.358365
"060970003",-122.71,38.4435
"060971003",-122.898333,38.656667
"060990005",-120.993611,37.641667
"060990006",-120.835833,37.488333
"061010003",-121.6175,39.138889
"061010004",-121.820362,39.2055720009243
"061030004",-122.092778,40.262222
"061030005",-122.256944,40.170833
"061070006",-118.778056,36.567222
"061070009",-118.826944,36.489167
"061072002",-119.290278,36.332222
"061090005",-120.378611,37.981667
"061110007",-118.869444,34.21
"061110009",-118.81,34.404611
"061111004",-119.230278,34.448333
"061112002",-118.684722,34.2775
"061112003",-119.313611,34.2804
"061113001",-119.1425,34.255
"061130004",-121.775,38.533333
"061131003",-121.727778,38.661944
"080013001",-104.94984,39.8381190009282
"080050002",-104.957193,39.5678870009266
"080130011",-105.238513,39.9571590009289
"080137001",-105.25405,40.0137830009293
"080137002",-105.059233,40.14890000093
"080310002",-104.987625,39.7511840009277
"080310014",-105.030681,39.7517610009277
"080310025",-104.998113,39.7040050009274
"080350004",-105.070358,39.5344880009264
"080410013",-104.817215,38.9583410009227
"080410016",-104.901289,38.8530970009219
"080590002",-105.099973,39.800333000928
"080590005",-105.13948,39.6387810009271
"080590006",-105.188587,39.9128990009287
"080590011",-105.177989,39.7437240009277
"080677001",-107.627778,37.136667
"080677003",-107.869444,37.102222
"080690007",-105.545,40.277222
"080690011",-105.141122,40.5925430009323
"080691004",-105.07892,40.5774700009323
"080771001",-108.7411,39.1067000009237
"080830101",-108.490278,37.198333
"081230009",-104.73744,40.3863680009313
"090010017",-73.585,41.0036110009343
"090011123",-73.443056,41.399167000936
"090013007",-73.103056,41.1525
"090019003",-73.336667,41.1183330009348
"090031003",-72.631667,41.7847220009375
"090050005",-73.297222,41.821389
"090070007",-72.63,41.5522220009366
"090090027",-72.902778,41.301111
"090093002",-72.55,41.2608330009354
"090110124",-72.07882,41.3536200009358
"090131001",-72.388056,41.9763890009381
"100010002",-75.555556,38.984722
"100031007",-75.730833,39.551111
"100031010",-75.563889,39.817222
"100031013",-75.496389,39.773889
"100051002",-75.613056,38.644444
"100051003",-75.163056,38.779167
"110010025",-77.022778,38.9752780009228
"110010041",-76.952778,38.8972220009222
"110010043",-77.0125,38.9188890009224
"120013011",-82.296944,29.546667
"120030002",-82.445,30.1975
"120050006",-85.732,30.131
"120090007",-80.628611,28.053889
"120094001",-80.615556,28.310556
"120110031",-80.295,26.272
"120112003",-80.097,26.29
"120118002",-80.111,26.087
"120210004",-81.711,26.27
"120230002",-82.619444,30.178056
"120310077",-81.5875,30.4775
"120310100",-81.454,30.261
"120330004",-87.204167,30.525
"120330018",-87.271,30.368
"120330024",-87.276,30.399
"120550003",-81.340556,27.188889
"120570081",-82.465278,27.739722
"120571035",-82.454722,27.928056
"120571065",-82.538611,27.892222
"120573002",-82.2304,27.96565
"120590004",-85.604444,30.8475
"120690002",-81.723333,28.525
"120712002",-81.98,26.547861
"120713002",-81.939444,26.448889
"120730012",-84.348333,30.439722
"120730013",-84.199167,30.484444
"120813002",-82.546111,27.632778
"120814012",-82.618889,27.480556
"120814013",-82.522222,27.449444
"120830003",-82.100833,29.170278
"120830004",-82.173333,29.1925
"120860027",-80.162,25.733
"120860029",-80.327,25.586
"120950008",-81.381389,28.454167
"120952002",-81.363056,28.599444
"120972002",-81.636667,28.347222
"120990009",-80.234,26.731
"120990020",-80.060867,26.59123
"121010005",-82.305833,28.331944
"121012001",-82.758056,28.195
"121030004",-82.731944,27.946389
"121030018",-82.74,27.785556
"121035002",-82.700833,28.09
"121056005",-82.000278,27.939444
"121056006",-81.972222,28.029167
"121111002",-80.40833,27.448889
"121130015",-87.0081,30.3941
"121151005",-82.570556,27.306944
"121151006",-82.48,27.350278
"121152002",-82.362583,27.089194
"121171002",-81.31,28.745556
"121272001",-80.993889,29.108889
"121275002",-81.053056,29.206667
"121290001",-84.161944,30.093056
"130210012",-83.5435207771381,32.8054078807878
"130210013",-83.7887490592027,32.827966520824
"130510021",-81.0487690417838,32.0692299132987
"130550001",-85.4080033690138,34.4742928764839
"130590002",-83.3443973958273,33.9180619935984
"130670003",-84.6074074370014,34.0154817406774
"130730001",-82.1311894113887,33.5821435317047
"130770002",-84.7459561380613,33.4039851152121
"130850001",-84.0593524699369,34.3763282357487
"130890002",-84.29018,33.6880800008712
"130970004",-84.7791918580524,33.7436561150422
"131130001",-84.4187602649102,33.4560466701896
"131210055",-84.3573651652033,33.7205703890217
"131270006",-81.4958808085103,31.1697348649688
"131350002",-84.069193,33.963074
"131510002",-84.1617075669625,33.433575028587
"132130003",-84.6264223130395,34.7851967057079
"132150008",-84.9446297565709,32.5212710049288
"132151003",-84.8445277661627,32.5395354874877
"132230003",-85.04548,33.92855
"132450091",-82.0222604053819,33.4340299213502
"132470001",-84.0652935047774,33.5910772205001
"132611001",-84.0793535987534,31.9532422014083
"160010010",-116.347897,43.600264
"160010019",-116.233919,43.634585
"160010030",-116.223462,43.589464
"160230101",-113.562222,43.460556
"160550003",-116.804539,47.788908
"170010007",-91.3358683221107,39.9154093678845
"170190004",-88.2295309830399,40.1237961963426
"170230001",-87.668416,39.210883
"170310001",-87.7324568962847,41.6709918952829
"170310032",-87.545349670582,41.755832412403
"170310042",-87.6355555312129,41.8789801810998
"170310064",-87.6016464917605,41.7907868783739
"170310072",-87.607683286731,41.895812266514
"170310076",-87.7134881520007,41.7513999786378
"170311003",-87.7920016971163,41.9843323270383
"170311601",-87.9905696935943,41.6681203371799
"170314002",-87.7524696987103,41.8552431328191
"170314007",-87.8632254343829,42.0602846910538
"170314201",-87.799226916843,42.139996190948
"170317002",-87.6741671607363,42.0618572389614
"170436001",-88.0728268954165,41.8130493906461
"170491001",-88.5489340120502,39.067159316124
"170650002",-88.6249434004072,38.0821551646727
"170831001",-90.3240798569138,39.1105394692177
"170890005",-88.2730292914349,42.0491477640379
"170971002",-87.8414062171895,42.3867055966477
"170971007",-87.8100470490758,42.4675733011521
"171110001",-88.2422073399828,42.221441662101
"171132003",-88.9968957084304,40.5187353721062
"171150013",-88.925594450544,39.866833885022
"171170002",-89.809738918633,39.3960753340187
"171190008",-90.148031139669,38.890186048186
"171191009",-89.9599625143423,38.7265726155844
"171193007",-90.1058511128885,38.8606694707698
"171430024",-89.6069427745454,40.6874203817217
"171431001",-89.5858690207098,40.7455039336384
"171570001",-89.7884586171723,38.1762776056649
"171613002",-90.517350263081,41.5147269688183
"171630010",-90.1604766324869,38.6120344810656
"171670010",-89.604839186162,39.8441218819853
"171971011",-88.190967175228,41.2215370677657
"172012001",-89.037774802799,42.3349822164807
"180030002",-85.017222,41.221667
"180030004",-85.101944,41.094722
"180110001",-86.395172,39.997484
"180150002",-86.553056,40.540556
"180190008",-85.6641666,38.393833
"180350010",-85.245556,40.3
"180390007",-85.83055,41.71805
"180431004",-85.834167,38.308056
"180550001",-86.99012,38.985578
"180570005",-86.008061,40.0651940009295
"180590003",-85.840513,39.935008
"180630004",-86.397148,39.758967
"180690002",-85.38,40.960556
"180710001",-86.080523,38.920798
"180810002",-86.152395,39.417203
"180890022",-87.304722,41.606667
"180890030",-87.494722,41.681384
"180892008",-87.4936229474878,41.6394601037182
"180910005",-86.90774268,41.7170219109372
"180910010",-86.684722,41.629167
"180950010",-85.656944,40.0025
"180970050",-86.021341,39.858961
"180970057",-86.186314,39.7490190009277
"180970073",-86.06084985,39.789485610928
"181090005",-86.477914,39.575596
"181230009",-86.603611,38.113101
"181270024",-87.199167,41.6175
"181270026",-87.038611,41.510278
"181290003",-87.718333,38.005278
"181410010",-86.370556,41.551667
"181410015",-86.214683,41.696692
"181411007",-86.110556,41.742583
"181450001",-85.873582,39.611293
"181630012",-87.569444,38.021667
"181630013",-87.536944,38.113889
"181670018",-87.401389,39.486111
"181670024",-87.313056,39.560556
"181730008",-87.278333,38.051944
"181730009",-87.341389,38.194444
"181730011",-87.321933,37.95445
"190170011",-92.513056,42.743056
"190450021",-90.17757390303,41.8749989322255
"190851101",-95.9484354467964,41.7802613968536
"191130028",-91.651944,41.910556
"191130033",-91.526944,42.280556
"191370002",-95.0449513637102,40.969112348093
"191471002",-94.6935183656697,43.1237041866616
"191530030",-93.6433,41.6031833009368
"191630014",-90.5219436580942,41.6991742378824
"191630015",-90.5876108140407,41.5300106207475
"191690011",-93.6878,41.8828666709378
"191770006",-92.006318,40.695078
"191810022",-93.58398333,41.2855333009355
"200910010",-94.74643,38.83859
"201030003",-94.95127,39.32746
"201070002",-94.731944,38.135833
"201730001",-97.337222,37.781389
"201730010",-97.313889,37.701111
"201770013",-95.71128,39.0242700009231
"201910002",-97.366389,37.476944
"201950001",-99.763611,38.770278
"202090021",-94.635556,39.1175
"210130002",-83.736944,36.608056
"210131002",-83.5264,36.6719000009041
"210150003",-84.852778,38.918056
"210190017",-82.640556,38.459167
"210290006",-85.713056,37.985556
"210373002",-84.474453,39.0218060009231
"210430500",-82.988333,38.238333
"210470006",-87.323611,36.911667
"210590005",-87.075556,37.780833
"210610501",-86.148056,37.131389
"210670012",-84.5,38.065
"210890007",-82.731667,38.548333
"210910012",-86.896944,37.938889
"210930006",-85.851667,37.706389
"211010014",-87.463333,37.871389
"211110027",-85.57648,38.1378400009167
"211110051",-85.89804,38.0609100009161
"211111021",-85.71025,38.2635500009176
"211130001",-84.589167,37.893333
"211170007",-84.525,39.0725
"211390003",-88.393056,37.155556
"211451024",-88.5725,37.058056
"211850004",-85.443333,38.398611
"211930003",-83.220278,37.283056
"211950002",-82.535278,37.482778
"211990003",-84.611667,37.0975
"212130004",-86.566389,36.708611
"212218001",-87.851944,36.783889
"212270008",-86.250556,37.036667
"220050004",-90.968333,30.233889
"220150008",-93.74891,32.53626
"220170001",-93.859722,32.676389
"220190002",-93.371944,30.143333
"220190008",-93.284167,30.261667
"220190009",-93.578333,30.227778
"220330003",-91.183333,30.418889
"220330009",-91.17922,30.46198
"220330013",-91.055833,30.700278
"220331001",-91.206944,30.587222
"220470007",-91.425,30.4
"220470009",-91.316111,30.220556
"220470012",-91.129948,30.206985
"220511001",-90.275,30.043333
"220550007",-92.051389,30.2175
"220570004",-90.765183,29.763889
"220630002",-90.8125,30.3125
"220710012",-90.102778,29.994444
"220730004",-92.046093,32.509713
"220770001",-91.366667,30.684722
"220870009",-89.955703,29.936909
"220890003",-90.410556,29.984167
"220930002",-90.82,29.994444
"220950002",-90.608333,30.058333
"221030002",-90.199683,30.4293040008245
"221210001",-91.213556,30.5006430008256
"230010014",-70.124608,43.9746220009427
"230031100",-68.033006,46.696431
"230050029",-70.2683636867032,43.6602699565523
"230052003",-70.207778,43.560833
"230090102",-68.227222,44.351667
"230090103",-68.2609,44.37705
"230112005",-69.785,44.2306220009429
"230130004",-69.26059,43.9179550009426
"230173001",-70.855556,44.222222
"230194008",-68.6785,44.73487
"230230006",-69.82778,44.0050000009427
"230290019",-67.594167,44.533611
"230290032",-67.060728,44.9636330009432
"230310038",-70.62,43.659167
"230310040",-70.8767845584819,43.5888533571631
"230312002",-70.471389,43.343056
"240030014",-76.653056,38.9025
"240051007",-76.631111,39.460833
"240053001",-76.474444,39.310833
"240090011",-76.617194,38.536722
"240130001",-77.041667,39.444167
"240150003",-75.86,39.701111
"240170010",-76.811944,38.504167
"240210037",-77.375833,39.408056
"240230002",-79.012,39.70595
"240251001",-76.296667,39.41
"240259001",-76.203889,39.563333
"240290002",-75.797333,39.305
"240313001",-77.106944,39.114444
"240330030",-76.878333,39.055277
"240338003",-76.74417,38.81194
"240430009",-77.721944,39.565556
"240471001",-75.1594,38.2511000009175
"245100054",-76.5525,39.32889
"250010002",-70.0233312177414,41.9755706407881
"250034002",-73.1673284780132,42.6366796564386
"250051002",-70.8791617445948,41.6332778537206
"250070001",-70.7853612374618,41.3304803273021
"250092006",-70.9713576033713,42.474671140797
"250094004",-70.808349508152,42.7902680388171
"250095005",-71.1022593236029,42.7707695768784
"250130008",-72.5551116962843,42.1943804653421
"250150103",-72.5231090489631,42.400578703824
"250154002",-72.3339036395052,42.298278685904
"250170009",-71.362068,42.62668
"250171102",-71.4827748361697,42.4135739930093
"250213003",-71.1138644951909,42.2116738930995
"250250041",-70.9661587885595,42.317172348128
"250250042",-71.0825,42.3294
"250270015",-71.8752888170103,42.2741768626511
"260050003",-86.1485772164682,42.7677855514527
"260190003",-86.1094077826288,44.6169430943907
"260210014",-86.3096939751232,42.1977895429013
"260270003",-86.0016287299423,41.8955698036322
"260370001",-84.3937952605202,42.798339380413
"260490021",-83.6701590874905,43.0472241917062
"260492001",-83.4615406938937,43.1683362727992
"260630007",-82.642899906862,43.8363879340172
"260650012",-84.5346331541108,42.7386178741674
"260770008",-85.5418899211592,42.2780666736986
"260810020",-85.671338742329,42.9841730428365
"260810022",-85.41660782861,43.1766718109728
"260890001",-85.6291464892378,45.028897934507
"260910007",-83.9465593762963,41.9955676998722
"260990009",-82.79346283166,42.7313941191528
"260991003",-83.0059705578442,42.5133398483411
"261010922",-86.2426486419024,44.3070000829522
"261050007",-86.2944146313703,43.9533344091604
"261130001",-84.8918653238824,44.3105554203758
"261210039",-86.3110825322265,43.2780605982874
"261250001",-83.1831986800023,42.4630634106704
"261390005",-85.8527340226485,42.8944506594294
"261470005",-82.4562287816265,42.9533362711269
"261530001",-85.9502269219365,46.2888771607497
"261610008",-83.5996022282151,42.2405654781129
"261630001",-83.2082000228824,42.2286201358284
"261630019",-83.0001375444892,42.4308404181017
"270031001",-93.20306,45.4018400009431
"270031002",-93.20772,45.1376800009432
"270052013",-95.846272,46.851811
"270177416",-92.52377,46.7052700009415
"270353204",-94.1303,46.396740000942
"270495302",-93.012611,44.473754
"270750005",-91.495574,47.948622
"270834210",-95.81789,44.4438000009431
"270953051",-93.75945,46.2053000009423
"271095008",-92.450366,43.996908
"271370034",-92.829167,48.412778
"271377550",-92.08936,46.8182600009412
"271390505",-93.512534,44.791437
"271453052",-94.13345,45.549839
"271636015",-92.85532,45.1172800009432
"271713201",-93.66921,45.2091600009432
"280010004",-91.3903751266268,31.5605847019933
"280110001",-90.723028,33.746056
"280330002",-89.98783,34.82166
"280470008",-89.0497776193734,30.390369181243
"280490010",-90.1410062024884,32.3857579716315
"280590006",-88.5339846151597,30.378424717804
"280750003",-88.731491343876,32.3645652793284
"280810005",-88.766222,34.264917
"281551001",-89.0622,33.6636000008709
"290370003",-94.58,38.770278
"290390001",-94.034811,37.700861
"290470003",-94.2653727917367,39.4074519596912
"290470005",-94.376623026462,39.3030901054594
"290470006",-94.580840691675,39.3322333047852
"290490001",-94.556,39.5306
"290770036",-93.2998858428143,37.2561360296106
"290770042",-93.2046350179991,37.3195101091064
"290990019",-90.398540387747,38.44863278671
"291130003",-90.8647,39.0447
"291370001",-91.789169983776,39.4751751510245
"291570001",-89.6909,37.6992
"291831002",-90.2264884702189,38.8725458723206
"291831004",-90.446944,38.902222
"291860005",-90.42388,37.90084
"291890004",-90.382778,38.5325
"291890005",-90.7052,38.4902
"291890014",-90.4759,38.7109
"295100085",-90.1987592812932,38.6564849437283
"295100086",-90.239165600493,38.6732206702977
"300298001",-113.995556,48.510278
"310550028",-95.9475,41.2075
"310550032",-96.024722,41.360278
"310550035",-95.960278,41.306111
"311090016",-96.677222,40.984722
"311651001",-103.7294,42.4283000009396
"320010002",-118.783595501759,39.4725015396851
"320030020",-115.092222,36.245278
"320030022",-114.90681,36.390775
"320030023",-114.06083,36.80806
"320030043",-115.253611,36.108056
"320030071",-115.261389,36.170278
"320030072",-115.266667,36.224722
"320030073",-115.331667,36.173056
"320030075",-115.238241,36.272382
"320030538",-115.051667,36.143056
"320030601",-114.844167,35.978889
"320031019",-115.35706,35.785634
"320031021",-115.13,36.1205
"320032002",-115.122222,36.191111
"320190006",-119.246945357492,39.6008590538738
"320310016",-119.807717,39.525083
"320310020",-119.77533,39.469583
"320310025",-119.739583,39.399967
"320311005",-119.746883,39.540467
"320312002",-119.95643,39.25058
"320312009",-119.83987,39.64548
"320330101",-114.215833,39.005278
"325100002",-119.731450883297,39.1671157788029
"330012004",-71.495833,43.565278
"330050007",-72.277778,42.930556
"330074001",-71.3025,44.278333
"330074002",-71.225,44.290556
"330090010",-72.226083,43.62957
"330110020",-71.468056,43.000556
"330111011",-71.523083,42.720377
"330115001",-71.878613,42.861901
"330131007",-71.45827,43.218491
"330150014",-70.748056,43.075278
"330150016",-70.713839,43.047475
"330190003",-72.338333,43.364444
"340010006",-74.448736,39.464872
"340030006",-73.992053,40.870422
"340070003",-75.097617,39.923042
"340071001",-74.861491,39.68425
"340110007",-75.025204,39.422273
"340150002",-75.212119,39.800339
"340170006",-74.126081,40.67025
"340190001",-74.806753,40.515253
"340210005",-74.742644,40.2830917
"340230011",-74.429439,40.462182
"340250005",-74.005343,40.278461
"340273001",-74.676301,40.787628
"340290006",-74.444058,40.064847
"340315001",-74.256338,41.052195
"350010019",-106.56359,35.107280000888
"350010023",-106.5852,35.1343000008884
"350010024",-106.578785,35.0631000008876
"350010027",-106.69715,35.1539000008886
"350010029",-106.65739,35.017080000887
"350011012",-106.50815,35.1852000008889
"350011013",-106.613815,35.193240000889
"350011014",-106.64927,35.2022000008891
"350130008",-106.630556,31.930556
"350130017",-106.5575,31.795833
"350130020",-106.409167,32.041111
"350130021",-106.583889,31.796111
"350130022",-106.682778,31.787778
"350130023",-106.767778,32.3175
"350151005",-104.262222,32.38
"350153001",-104.4406,32.1783000008509
"350171003",-108.124444,32.691944
"350250008",-103.122917,32.726656
"350290003",-107.7227,32.2558
"350431001",-106.548333,35.299444
"350431003",-106.649444,35.238056
"350439004",-106.724444,35.615278
"350450009",-107.976944,36.742222
"350450018",-107.65158,36.80973
"350451005",-108.4725,36.796667
"350490021",-106.07968,35.6197500008936
"360010012",-73.75733,42.68075
"360050110",-73.902,40.81618
"360050133",-73.87809,40.8679
"360130006",-79.31881,42.49963
"360130011",-79.58961,42.29071
"360150003",-76.80221,42.11096
"360270007",-73.74136,41.78555
"360290002",-78.77153,42.99328
"360310002",-73.90312,44.36608
"360310003",-73.8589,44.39308
"360337003",-74.695005,44.980577
"360410005",-74.51625,43.44957
"360430005",-74.98538,43.68578
"360450002",-75.97316,44.08747
"360530006",-75.78444,42.73046
"360551007",-77.54817,43.14618
"360610135",-73.94825,40.81976
"360631006",-78.47888,43.22386
"360650004",-75.71978,43.30268
"360671015",-76.05921,43.05235
"360715001",-74.21534,41.52375
"360750003",-76.46324,43.28428
"360790005",-73.70977,41.45589
"360810124",-73.82153,40.73614
"360830004",-73.46363,42.78189
"360850067",-74.12525,40.59664
"360910004",-73.6489,43.01209
"360930003",-73.9389,42.79901
"361010003",-77.20978,42.09142
"361030002",-73.41919,40.74529
"361030004",-72.71238,40.96078
"361030009",-73.05754,40.82799
"361111005",-74.49431,42.14403
"361173001",-77.17136,43.23086
"361192004",-73.76366,41.05192
"370030004",-81.189758,35.9289990008968
"370110002",-81.933056,35.9722220008972
"370210030",-82.5998603096713,35.500102002749
"370270003",-81.530278,35.935833
"370330001",-79.467417,36.307033
"370370004",-79.159722,35.757222
"370510008",-78.728035,35.158686
"370511003",-78.9625,34.968889
"370590002",-80.559115,35.809289
"370630015",-78.89639,35.99194
"370650099",-77.582778,35.988333
"370670022",-80.226667,36.110556
"370670028",-80.215833,36.203056
"370670030",-80.342,36.026
"370671008",-80.143889,36.050833
"370690001",-78.463719,36.096189
"370750001",-83.79562,35.2579300008897
"370770001",-78.768056,36.141111
"370810013",-79.801111,36.109167
"370870004",-82.964722,35.505278
"370870035",-82.7925,35.379167
"370870036",-83.0775,35.59
"371010002",-78.461944,35.590833
"371070004",-77.568792,35.231459
"371090004",-81.27675,35.438556
"371170001",-76.89782,35.81069
"371190041",-80.785683,35.2401000008895
"371191005",-80.9195316662293,35.1131636760618
"371191009",-80.695,35.3472220008907
"371290002",-77.838611,34.364167
"371450003",-79.09197,36.306965
"371470006",-77.35805,35.6386100008938
"371570099",-79.859167,36.308889
"371590021",-80.395039,35.551868
"371590022",-80.66756,35.534482
"371730002",-83.443697,35.435509
"371790003",-80.540833,34.973889
"371830014",-78.574167,35.856111
"371830016",-78.7925,35.596944
"371990004",-82.266139,35.772833
"380070002",-103.37853,46.8943000009411
"380130004",-102.4018,48.6419300009354
"380150003",-100.76821,46.8254250009412
"380171004",-96.85535,46.933754000941
"380250003",-102.5273,47.31320000094
"380530002",-103.2995,47.5812
"380570004",-101.766944,47.2986110009401
"380650002",-101.428056,47.1858330009404
"390030002",-84.051944,40.772222
"390071001",-80.5725,41.959444
"390090004",-82.118247,39.307978
"390170004",-84.544167,39.383333
"390171004",-84.3925,39.53
"390230001",-83.804444,40.000833
"390230003",-83.9975,39.855556
"390250022",-84.144193,39.082319
"390271002",-83.788611,39.43
"390350034",-81.575,41.555
"390350064",-81.864722,41.361667
"390355002",-81.459167,41.536667
"390410002",-83.063962,40.356638
"390490028",-82.957222,39.914167
"390490029",-82.815556,40.086667
"390490037",-82.955266,39.965075
"390490081",-82.959722,40.087778
"390550004",-81.249444,41.515
"390570006",-83.943333,39.665556
"390610006",-84.365974,39.278499
"390610010",-84.690723,39.214931
"390610040",-84.504167,39.128611
"390810017",-80.615002,40.366104
"390830002",-82.691944,40.309722
"390850003",-81.4225,41.673056
"390853002",-81.241944,41.7225
"390870006",-82.666667,38.520278
"390870011",-82.4575,38.629167
"390890005",-82.433269,40.026226
"390930018",-82.095729,41.420882
"390950024",-83.546667,41.644167
"390950027",-83.718611,41.494722
"390950034",-83.306944,41.675556
"390970007",-83.475833,39.788611
"390990013",-80.658611,41.096111
"391030003",-81.911667,41.102778
"391090005",-84.114722,40.084722
"391130037",-84.1344020218997,39.7850340524146
"391331001",-81.330278,41.1825
"391351001",-84.720833,39.835556
"391510016",-81.378611,40.827778
"391510022",-81.5982569984293,40.7126754944925
"391514005",-81.123611,40.930833
"391530020",-81.503889,41.106111
"391550009",-80.591667,41.453889
"391550011",-80.663142,41.240077
"391650007",-84.202208,39.427797
"391670004",-81.460278,39.431667
"391730003",-83.611667,41.378056
"400019009",-94.669697,35.750735000895
"400159008",-98.252778,35.111944
"400170101",-97.751503,35.4792150008921
"400190297",-97.474341,34.2571250008782
"400219002",-94.985964,35.854080000896
"400270049",-97.484099,35.3201050008904
"400310649",-98.400872,34.5076650008812
"400310651",-98.428796,34.6329830008827
"400330680",-98.307624,34.3486280008793
"400370144",-96.361196,36.1054810008986
"400430860",-98.931973,36.1584140008991
"400719010",-97.03135,36.9562220009067
"400819005",-96.657222,35.6725
"400871073",-97.473794,35.1596490008886
"400979014",-95.249943,36.2284080008998
"401090033",-97.494309,35.4770360008921
"401090096",-97.303044,35.4778010008921
"401091037",-97.475083,35.6141310008935
"401159004",-94.838889,36.922222
"401210415",-95.784375,34.9022700008858
"401359015",-94.830059,35.5811740008932
"401430137",-95.999247,36.3574380009011
"401430174",-96.004975,35.9537080008971
"401430178",-95.764537,36.1338020008989
"401431127",-95.976537,36.2049020008996
"410050004",-122.5875,45.259722
"410090004",-122.771944,45.768056
"410170122",-121.2605,44.0217
"410290201",-122.7875,42.229444
"410390060",-123.083737,44.026312
"410391007",-123.0353,43.8345
"410470004",-122.913611,44.809444
"410510080",-122.602222,45.496667
"410591003",-119.263306,45.828889
"410597001",-118.645883,45.667889
"410671004",-122.8544,45.4024
"420010002",-77.25,39.9300000009288
"420030008",-79.961111,40.465556
"420030010",-80.0161549031582,40.44557650296
"420030067",-80.185556,40.381944
"420031005",-79.732222,40.617222
"420050001",-79.5647497763623,40.8141826239239
"420070002",-80.5039484844499,40.5625201844353
"420070005",-80.359722,40.684722
"420070014",-80.3164417143694,40.7477958611323
"420110006",-75.789721,40.5140800009319
"420110011",-75.9686,40.38335
"420130801",-78.370833,40.535278
"420170012",-74.882222,40.107222
"420210011",-78.915,40.309722
"420270100",-77.877028,40.811389
"420290100",-75.768242075333,39.8344605866755
"420334000",-78.526194,41.1175
"420430401",-76.844722,40.245
"420431100",-76.681389,40.272222
"420450002",-75.3725,39.835556
"420490003",-80.038611,42.14175
"420550001",-77.475556,39.961111
"420590002",-80.26567,39.80933
"420630004",-78.919972,40.56333
"420690101",-75.578186,41.479116
"420692006",-75.623056,41.442778
"420710007",-76.283333,40.046667
"420710012",-76.1124,40.0438330009294
"420730015",-80.3464418619031,40.9958483945708
"420770004",-75.4325,40.611944
"420791100",-76.003333,41.209167
"420791101",-75.846389,41.265556
"420810100",-76.9238,41.2508
"420850100",-80.4847786925965,41.2150135311878
"420890002",-75.32328,41.08306
"420910013",-75.309167,40.112222
"420950025",-75.341111,40.628056
"420958000",-75.237156,40.692224
"420990301",-77.165556,40.456944
"421010004",-75.097778,40.008889
"421010024",-75.011944,40.076389
"421174000",-76.939167,41.644722
"421250005",-79.902222,40.146667
"421250200",-80.261389,40.170556
"421255001",-80.420833,40.445278
"421290006",-79.6928113961696,40.4280760266926
"421290008",-79.505667,40.304694
"421330008",-76.699444,39.965278
"421330011",-76.462055,39.8609700009284
"440030002",-71.7199,41.6156
"440071010",-71.36094,41.84092
"440090007",-71.427778,41.491667
"450010001",-82.386376,34.325318000879
"450030003",-81.788731,33.3422260008668
"450070005",-82.53205924,34.62323638
"450150002",-79.9367,32.9872520008621
"450190046",-79.657187,32.9410230008615
"450210002",-81.816567,35.1303960008883
"450250001",-80.198787,34.6153670008825
"450290002",-80.965038,33.0078660008624
"450310003",-79.744859,34.2856960008786
"450370001",-81.853635,33.7399630008719
"450451003",-82.37288079,35.05739456
"450730001",-83.2377,34.8052610008846
"450770002",-82.838659,34.6536060008829
"450790007",-80.962304,34.0939590008763
"450790021",-80.781135,33.8146800008728
"450791001",-80.868318,34.1312620008767
"450830009",-82.075802,34.9887060008867
"450910006",-81.228409,34.9358170008861
"460330132",-103.4839,43.5578
"460710001",-101.941218,43.74561
"460930001",-103.315765,44.155636
"460990008",-96.700769,43.54792
"470010101",-84.2232337298295,35.9632729526283
"470090101",-83.9435124602616,35.6314896929124
"470090102",-83.783611,35.603056
"470370011",-86.744722,36.205
"470370026",-86.623301,36.150742
"470651011",-85.181806,35.233527
"470654003",-85.162194,35.102638
"470750003",-89.1711626397572,35.4817444733166
"470890002",-83.601001242128,36.1145349756016
"470930021",-83.764806,36.0855080008984
"470931020",-83.87381,36.0191860008977
"471050109",-84.3415806341971,35.720932222758
"471210104",-84.946043656571,35.2889973144314
"471410004",-85.3993899668756,36.2050904884307
"471490101",-86.5988723506101,35.73287795327
"471550101",-83.609722,35.696667
"471550102",-83.498056,35.562778
"471570021",-90.019444,35.2175
"471571004",-89.832222,35.377222
"471632002",-82.4259640479566,36.5411927416077
"471632003",-82.485833,36.582222
"471650007",-86.652778,36.297778
"471650101",-86.5641491148756,36.4539752011334
"471870106",-87.137222,35.951944
"471890103",-86.2860845757737,36.0603715354358
"480290032",-98.620191,29.51505
"480290052",-98.564939,29.632089
"480290055",-98.431111,29.407222
"480290059",-98.311666,29.275387
"480290622",-98.332778,29.352778
"480391004",-95.392522,29.520427
"480391016",-95.472955,29.04376
"480430101",-103.16782,29.3025
"480610006",-97.493824,25.892509
"480850005",-96.786475,33.132403
"481130069",-96.860082,32.819952
"481130075",-96.808495,32.919197
"481130087",-96.8716,32.6766
"481210034",-97.19357,33.19447
"481211032",-96.94452,33.41065
"481390016",-97.026944,32.482222
"481391044",-96.87111,32.177222
"481410029",-106.32359,31.78577
"481410037",-106.501253,31.768281
"481410044",-106.455225,31.765674
"481410055",-106.402788,31.746758
"481410057",-106.303079,31.662189
"481410058",-106.425813,31.893928
"481671034",-94.861111,29.254444
"481830001",-94.711834,32.37871
"482010024",-95.326111,29.901111
"482010026",-95.125556,29.8025
"482010029",-95.673889,30.039444
"482010046",-95.283611,29.8275
"482010047",-95.489167,29.834722
"482010051",-95.473611,29.623611
"482010055",-95.499236,29.695737
"482010062",-95.2675,29.625833
"482010066",-95.503611,29.724722
"482010070",-95.315583,29.735129
"482010075",-95.350278,29.752778
"482010416",-95.294722,29.686389
"482011015",-95.077997,29.764604
"482011034",-95.220576,29.767994
"482011035",-95.257591,29.733713
"482011039",-95.128485,29.670046
"482011050",-95.015535,29.583032
"482030002",-94.167449,32.669004
"482090614",-98.0833,30.2147
"482150042",-98.183101,26.309858
"482150043",-98.291064,26.226239
"482151048",-97.937265,26.131081
"482210001",-97.803333,32.441944
"482311006",-96.115518,33.153115
"482450009",-94.071073,30.036446
"482450011",-93.987898,29.89403
"482450018",-94.000751,29.942816
"482450022",-94.317781,29.863961
"482450101",-93.896944,29.718056
"482450628",-93.955,29.865
"482451035",-94.010858,29.978926
"482510003",-97.436667,32.353333
"482570005",-96.31766,32.564969
"482731001",-97.2983,27.426700000772
"483091037",-97.070556,31.653056
"483390078",-95.425134,30.350317
"483550025",-97.434272,27.76534
"483550026",-97.555381,27.832409
"483611001",-93.761345,30.08526
"483611100",-93.866944,30.194167
"483670081",-97.905907,32.868796
"483970001",-96.459176,32.936512
"484230007",-95.415765,32.343988
"484390075",-97.477192,32.987823
"484391002",-97.35657,32.80582
"484392003",-97.281944,32.9225
"484393009",-97.06367,32.98425
"484393011",-97.08858,32.65638
"484530014",-97.76024,30.354438
"484530020",-97.87231,30.483175
"484690003",-97.005534,28.836162
"484790016",-99.519722,27.510833
"490030003",-112.018056,41.492778
"490037001",-112.233179,41.94595
"490050004",-111.8375,41.731111
"490110004",-111.884467,40.902967
"490350003",-111.849722,40.646667
"490352004",-112.210278,40.736389
"490353006",-111.872222,40.736389
"490370101",-109.816667,38.45
"490450003",-112.298814,40.543371
"490471002",-109.3047,40.4372000009316
"490490002",-111.663056,40.253611
"490495008",-111.803889,40.430278
"490495010",-111.659722,40.136389
"490530006",-113.637,37.129
"490530130",-113.1506,37.1983
"490570002",-111.974722,41.206389
"490571003",-111.987067,41.303683
"500030004",-73.24984,42.8875900009408
"500070007",-72.86884,44.5283900009431
"510030001",-78.503888,38.0763880009162
"510130020",-77.059167,38.8575
"510330001",-77.377222,38.203056
"510360002",-77.260034,37.343294
"510410004",-77.593611,37.358889
"510590005",-77.465278,38.893889
"510590018",-77.0775,38.7425
"510590030",-77.105556,38.772778
"510591005",-77.163231,38.837517
"510595001",-77.198889,38.931944
"510610002",-77.767778,38.475
"510690010",-78.081389,39.282778
"510850003",-77.218769,37.606056
"510870014",-77.400278,37.558333
"511071005",-77.49,39.024444
"511130003",-78.436111,38.521944
"511390004",-78.504722,38.663333
"511530009",-77.635556,38.855278
"511611004",-79.884167,37.285556
"511630003",-79.513056,37.626111
"511650003",-78.81904,38.47732
"511790001",-77.370278,38.483056
"511970002",-81.255,36.893056
"515100009",-77.044722,38.810833
"516500004",-76.399167,37.003333
"518000004",-76.438611,36.903333
"518000005",-76.731389,36.6675
"530090013",-124.620343,48.286719
"530091004",-123.3847,47.9950000009379
"530110011",-122.516667,45.616667
"530330010",-122.064722,47.5525
"530330017",-121.773333,47.489722
"530330023",-121.933056,47.141111
"530330080",-122.308056,47.568333
"530530012",-121.732778,46.785278
"530531008",-122.3175,46.843056
"530531010",-122.121667,46.761389
"530570018",-122.51911,48.460101
"530630001",-117.52997,47.41645
"530630046",-117.275278,47.827222
"530670005",-122.59527,46.952562
"540030003",-77.964125,39.448006
"540110006",-82.4259,38.4241330009188
"540250003",-80.632633,37.9085330009149
"540291004",-80.580717453695,40.42153886589
"540390010",-81.628317,38.3456000009183
"540610003",-79.920867,39.6493670009271
"540690010",-80.7009723435715,40.1148755622005
"541071002",-81.552367,39.3235330009251
"550030010",-90.69868,46.61455
"550090026",-87.908889,44.53
"550210015",-89.108889,43.314444
"550250041",-89.357222,43.100833
"550270007",-88.527778,43.435
"550290004",-86.993611,45.237778
"550370001",-88.400556,45.795556
"550390006",-88.421944,43.687778
"550410007",-88.80859,45.56498
"550550002",-88.812222,43.001389
"550590019",-87.8093,42.504722
"550610002",-87.506111,44.442778
"550630012",-91.225,43.778
"550710007",-87.616111,44.138611
"550730012",-89.769722,44.707222
"550790010",-87.933333,43.016667
"550790026",-87.9125,43.061111
"550790041",-87.884444,43.075278
"550790085",-87.900556,43.181111
"550850004",-89.632222,45.678056
"550870009",-88.395556,44.306944
"550890008",-87.920833,43.343056
"550890009",-87.81,43.498056
"551010017",-87.798611,42.713889
"551050024",-89.05667,42.50889
"551091002",-92.6625,45.124444
"551110007",-89.680278,43.435556
"551170006",-87.716389,43.666944
"551230008",-90.568333,43.702222
"551250001",-89.653611,46.048056
"551270005",-88.499167,42.58
"551310009",-88.220278,43.327222
"551330027",-88.215,43.020278
"560050123",-105.290289,44.672055
"560050456",-105.529994,44.146964
"560070099",-107.545769077816,41.5355688694258
"560111013",-104.7048,44.5969000009432
"560130099",-108.4312,42.3148000009392
"560350098",-109.695746789012,42.4293525213682
"560350099",-109.752875,42.720594
"560350100",-110.055814490041,42.7926312069789
"560370200",-108.067687262913,41.6779525112574
"560370898",-109.639316,41.736873
"560391011",-110.4,44.565278
"560410101",-111.042375937829,41.3730966905376